{
    "uvs":[],
    "normals":[0,0.693722,-0.720243,0,-1,0,5.23853e-07,-1,1.40993e-05,5.23853e-07,-1,0,-1,-0,-0,-1,0,0,1,-0,0,0,0,-1,0,1,-0,0,1,0,0,1,0,-0,1,0,-1,-0,0,1,-0,0,-1,-0,0,-1,0,-0,1,0,0,-0,1,0,0,1,-0,-3.62027e-07,0.693723,0.720242,-0,1,-0,-0,0,1,0,0.57917,0.815207,-3.03398e-07,0.579166,0.815209,0,0.579166,-0.815209,-0,0.693728,0.720237,-3.63411e-07,0.693727,-0.720238,-3.02246e-07,0.57917,-0.815207,-0,1,-0],
    "vertices":[-0.833769,2.59342,0.878581,-0.378644,2.65078,0.878581,-0.833769,2.63122,0.878581,-0.378644,2.63122,0.878581,-0.378644,2.59342,0.878581,-0.833769,2.65078,0.878581,-0.833769,2.63122,0.777121,-0.378644,2.63122,0.777121,-0.378644,2.59342,0.777121,-0.833769,2.65078,0.777121,-0.833769,2.59342,0.777121,-0.378644,2.65078,0.777121,-0.833769,2.59342,0.861671,-0.378644,2.66834,0.861671,-0.833769,2.63122,0.861671,-0.378644,2.63122,0.861671,-0.378644,2.59342,0.861671,-0.833769,2.66834,0.861671,-0.833769,2.63122,0.794031,-0.378644,2.63122,0.794031,-0.378644,2.59342,0.794031,-0.833769,2.66834,0.794031,-0.833769,2.59342,0.794031,-0.378644,2.66834,0.794031,-0.833769,2.63122,0.827851,-0.378644,2.63122,0.827851,-0.378644,2.59342,0.827851,-0.833769,2.59342,0.827851,-0.378644,2.66834,0.827851,-0.833769,2.66834,0.827851,-0.378644,2.60721,0.895491,-0.833769,2.60721,0.895491,-0.378644,2.60721,0.760211,-0.833769,2.60721,0.760211,-0.378644,2.59342,0.760211,-0.833769,2.59342,0.760211,-0.378644,2.59342,0.895491,-0.833769,2.59342,0.895491,-0.378644,2.62698,0.760211,-0.833769,2.62698,0.760211,-0.378644,2.62698,0.895491,-0.833769,2.62698,0.895491,-0.624437,2.66834,0.810071,-0.61582,2.66834,0.810528,-0.585631,2.66834,0.812129,-0.577087,2.66834,0.812582,-0.625464,2.66834,0.843837,-0.616771,2.66834,0.844298,-0.587566,2.66834,0.845846,-0.578771,2.66834,0.846312,-0.564122,2.66834,0.827851,-0.600639,2.66834,0.827851,-0.622649,2.66834,0.827851,-0.629441,2.66834,0.827851,-0.624723,2.66834,0.845393,-0.621236,2.66834,0.850157,-0.616988,2.66834,0.854066,-0.61214,2.66834,0.856971,-0.606881,2.66834,0.85876,-0.601411,2.66834,0.859365,-0.595941,2.66834,0.85876,-0.590681,2.66834,0.856971,-0.585834,2.66834,0.854066,-0.581585,2.66834,0.850156,-0.589611,2.66834,0.847727,-0.593283,2.66834,0.849928,-0.597267,2.66834,0.851283,-0.601411,2.66834,0.851741,-0.605554,2.66834,0.851283,-0.609538,2.66834,0.849928,-0.61321,2.66834,0.847727,-0.616429,2.66834,0.844766,-0.581789,2.66834,0.818814,-0.580775,2.66834,0.82128,-0.573977,2.66834,0.821157,-0.575507,2.66834,0.815896,-0.624723,2.66834,0.810461,-0.627314,2.66834,0.815896,-0.62891,2.66834,0.821794,-0.622241,2.66834,0.823281,-0.621032,2.66834,0.818814,-0.61907,2.66834,0.814696,-0.616429,2.66834,0.811088,-0.583751,2.66834,0.814697,-0.60064,2.66834,0.8244,-0.564122,2.66834,0.8244,-0.578098,2.66834,0.810461,-0.581585,2.66834,0.805697,-0.585834,2.66834,0.801788,-0.590681,2.66834,0.798882,-0.595941,2.66834,0.797094,-0.601411,2.66834,0.79649,-0.60688,2.66834,0.797094,-0.61214,2.66834,0.798882,-0.616988,2.66834,0.801787,-0.621236,2.66834,0.805698,-0.61321,2.66834,0.808127,-0.609538,2.66834,0.805926,-0.605554,2.66834,0.804571,-0.601411,2.66834,0.804113,-0.597267,2.66834,0.804571,-0.593283,2.66834,0.805926,-0.589611,2.66834,0.808127,-0.586393,2.66834,0.811088,-0.628909,2.66834,0.83406,-0.627314,2.66834,0.839957,-0.578098,2.66834,0.845393,-0.575507,2.66834,0.839957,-0.574189,2.66834,0.835816,-0.580987,2.66834,0.835434,-0.581789,2.66834,0.83704,-0.583751,2.66834,0.841157,-0.586393,2.66834,0.844766,-0.61907,2.66834,0.841157,-0.621032,2.66834,0.83704,-0.622241,2.66834,0.832573,-0.564122,2.66834,0.832387,-0.600639,2.66834,0.832387],
    "faces":[34,23,9,21,0,0,0,0,34,20,27,22,0,1,1,1,34,8,22,10,0,2,2,2,34,26,12,27,0,1,1,1,34,34,10,35,0,3,3,3,34,16,0,12,0,1,1,1,34,4,36,37,0,1,1,1,34,20,26,27,0,1,1,1,34,8,20,22,0,1,1,1,34,26,16,12,0,1,1,1,34,34,8,10,0,3,3,3,34,16,4,0,0,1,1,1,34,18,24,29,0,4,4,4,34,9,6,18,0,5,5,5,34,15,4,16,0,6,6,6,34,28,15,25,0,6,6,6,34,38,32,33,0,7,7,7,34,45,28,23,0,8,8,8,34,21,42,95,0,9,9,9,34,21,95,94,0,10,10,10,34,86,45,23,0,9,9,9,34,87,86,23,0,9,9,9,34,21,94,93,0,9,9,9,34,21,93,92,0,10,10,10,34,88,87,23,0,9,9,9,34,89,88,23,0,9,9,9,34,21,92,91,0,10,10,10,34,90,89,23,0,9,9,9,34,23,21,91,0,11,11,11,34,23,91,90,0,9,9,9,34,32,8,34,0,6,6,6,34,24,17,29,0,12,12,12,34,32,7,8,0,6,6,6,34,22,24,18,0,12,12,12,34,24,14,17,0,4,4,4,34,38,7,32,0,6,6,6,34,35,6,33,0,12,12,12,34,10,18,6,0,12,12,12,34,7,20,8,0,13,13,13,34,19,25,26,0,6,6,6,34,10,22,18,0,14,14,14,34,39,33,6,0,15,15,15,34,12,2,14,0,12,12,12,34,15,13,1,0,16,16,16,34,13,49,63,0,11,11,11,34,13,63,62,0,11,11,11,34,46,29,17,0,11,11,11,34,54,46,17,0,11,11,11,34,13,62,61,0,11,11,11,34,13,61,60,0,11,11,11,34,55,54,17,0,17,17,17,34,56,55,17,0,11,11,11,34,13,60,59,0,11,11,11,34,17,13,59,0,18,18,18,34,57,56,17,0,17,17,17,34,17,59,58,0,18,18,18,34,58,57,17,0,11,11,11,34,1,17,5,0,19,19,19,34,32,34,35,0,7,7,7,34,3,36,4,0,6,6,6,34,28,45,75,0,11,11,11,34,28,75,74,0,11,11,11,34,85,50,28,0,10,10,10,34,52,51,84,0,18,18,18,34,85,28,74,0,18,18,18,34,79,52,84,0,9,9,9,34,84,85,74,0,18,18,18,34,73,72,83,0,9,9,9,34,84,74,73,0,20,20,20,34,80,79,84,0,9,9,9,34,82,81,80,0,10,10,10,34,44,43,82,0,11,11,11,34,73,83,44,0,9,9,9,34,80,84,73,0,9,9,9,34,44,82,80,0,11,11,11,34,73,44,80,0,11,11,11,34,23,25,19,0,6,6,6,34,22,27,24,0,4,4,4,34,39,6,9,0,12,12,12,34,30,41,31,0,21,21,21,34,30,40,41,0,21,21,21,34,40,5,41,0,22,22,22,34,9,18,21,0,4,4,4,34,18,29,21,0,12,12,12,34,40,1,5,0,23,23,23,34,23,28,25,0,6,6,6,34,11,38,39,0,24,24,24,34,11,19,7,0,6,6,6,34,3,40,30,0,6,6,6,34,38,11,7,0,6,6,6,34,1,13,17,0,25,25,25,34,28,13,15,0,6,6,6,34,19,26,20,0,6,6,6,34,38,33,39,0,7,7,7,34,36,31,37,0,21,21,21,34,23,11,9,0,26,26,26,34,3,1,40,0,16,16,16,34,11,23,19,0,6,6,6,34,35,10,6,0,4,4,4,34,15,1,3,0,6,6,6,34,7,19,20,0,13,13,13,34,49,13,28,0,8,8,8,34,28,50,116,0,11,11,11,34,117,51,52,0,8,8,8,34,49,28,116,0,20,20,20,34,117,52,115,0,17,17,17,34,106,49,116,0,9,9,9,34,107,106,116,0,9,9,9,34,116,117,115,0,9,9,9,34,115,114,113,0,10,10,10,34,113,47,48,0,10,10,10,34,48,112,111,0,10,10,10,34,48,111,110,0,10,10,10,34,115,113,48,0,9,9,9,34,108,107,116,0,9,9,9,34,48,110,109,0,9,9,9,34,109,108,116,0,9,9,9,34,115,48,109,0,9,9,9,34,116,115,109,0,9,9,9,34,27,12,14,0,4,4,4,34,14,5,17,0,12,12,12,34,36,30,31,0,21,21,21,34,27,14,24,0,12,12,12,34,2,41,5,0,4,4,4,34,12,0,2,0,4,4,4,34,15,3,4,0,6,6,6,34,14,2,5,0,4,4,4,34,25,15,16,0,6,6,6,34,0,31,2,0,12,12,12,34,2,31,41,0,4,4,4,34,3,30,36,0,6,6,6,34,0,37,31,0,4,4,4,34,25,16,26,0,6,6,6,34,4,37,0,0,1,1,1,34,32,35,33,0,7,7,7,34,11,39,9,0,27,27,27,34,47,46,54,1,11,11,11,34,54,55,56,1,10,10,10,34,56,57,58,1,9,9,9,34,58,59,60,1,9,9,9,34,60,61,62,1,9,9,9,34,62,63,49,1,9,9,9,34,49,48,64,1,11,11,11,34,49,64,65,1,9,9,9,34,60,62,49,1,10,10,10,34,56,58,60,1,9,9,9,34,47,54,56,1,9,9,9,34,71,47,56,1,17,17,17,34,60,49,65,1,28,28,28,34,60,65,66,1,20,20,20,34,70,71,56,1,11,11,11,34,69,70,56,1,11,11,11,34,56,60,66,1,18,18,18,34,56,66,67,1,20,20,20,34,68,69,56,1,11,11,11,34,56,67,68,1,18,18,18,34,48,47,71,0,11,11,11,34,71,70,69,0,9,9,9,34,69,68,67,0,9,9,9,34,67,66,65,0,9,9,9,34,65,64,48,0,9,9,9,34,48,71,69,0,11,11,11,34,69,67,65,0,10,10,10,34,69,65,48,0,9,9,9,35,50,85,84,51,1,11,11,11,11,34,53,52,79,1,9,9,9,34,53,79,80,1,9,9,9,34,77,78,53,1,10,10,10,34,42,76,77,1,9,9,9,34,82,43,42,1,18,18,18,34,53,80,81,1,9,9,9,34,81,82,42,1,18,18,18,34,42,77,53,1,9,9,9,34,81,42,53,1,11,11,11,34,29,53,78,0,9,9,9,34,29,78,77,0,9,9,9,34,42,21,29,0,11,11,11,34,29,77,76,0,9,9,9,34,76,42,29,0,20,20,20,34,45,44,83,1,11,11,11,34,72,73,74,1,9,9,9,34,45,83,72,1,9,9,9,34,74,75,45,1,9,9,9,34,72,74,45,1,18,18,18,34,44,45,86,1,18,18,18,34,86,87,88,1,9,9,9,34,88,89,90,1,9,9,9,34,90,91,92,1,11,11,11,34,92,93,94,1,9,9,9,34,94,95,42,1,9,9,9,34,42,43,96,1,9,9,9,34,42,96,97,1,9,9,9,34,92,94,42,1,9,9,9,34,88,90,92,1,9,9,9,34,44,86,88,1,18,18,18,34,103,44,88,1,18,18,18,34,92,42,97,1,9,9,9,34,92,97,98,1,9,9,9,34,102,103,88,1,9,9,9,34,101,102,88,1,9,9,9,34,88,92,98,1,11,11,11,34,88,98,99,1,9,9,9,34,100,101,88,1,9,9,9,34,88,99,100,1,9,9,9,34,43,44,103,0,18,18,18,34,103,102,